"JAN","FEB","MAR","APR","MAY","JUN","JUL","AUG","SEP","OCT","NOV","DEC","ANNUAL","JAN.FEB","MAM","JJAS","OND","Arcanut (Processed)_Whole year","Arecanut_Kharif","Arecanut_Whole year","Arhar_Kharif","Arhar_Rabi","Atcanut (Raw)_Whole year","Bajra_Kharif","Bajra_Rabi","Bajra_Summer","Banana_Kharif","Banana_Whole year","Beans & Mutter(Vegetable)_Whole year","Bhindi_Whole year","Black pepper_Whole year","Bottle Gourd_Whole year","Brinjal_Whole year","Cabbage_Whole year","Cardamom_Whole year","Cashewnut_Kharif","Cashewnut_Whole year","Cashewnut Processed_Whole year","Cashewnut Raw_Whole year","Castor seed_Kharif","Citrus Fruit_Whole year","Coconut ('000 Nuts)_Kharif","Coconut ('000 Nuts)_Whole year","Coriander_Kharif","Coriander_Rabi","Coriander_Whole year","Cotton(lint)_Kharif","Cotton(lint)_Whole year","Cucumber_Whole year","Dry chillies_Kharif","Dry chillies_Rabi","Dry chillies_Summer","Dry chillies_Whole year","Dry ginger_Kharif","Dry ginger_Whole year","Garlic_Rabi","Garlic_Whole year","Gram_Kharif","Gram_Rabi","Grapes_Whole year","Groundnut_Kharif","Groundnut_Rabi","Horse-gram_Kharif","Horse-gram_Rabi","Jowar_Kharif","Jowar_Rabi","Jowar_Summer","Korra_Kharif","Korra_Rabi","Linseed_Kharif","Linseed_Rabi","Maize_Kharif","Maize_Rabi","Maize_Summer","Mango_Whole year","Masoor_Kharif","Masoor_Rabi","Mesta_Kharif","Mesta_Whole year","Moong_Kharif","Moong_Rabi","Niger seed_Kharif","Niger seed_Rabi","Onion_Kharif","Onion_Rabi","Onion_Summer","Onion_Whole year","Orange_Whole year","Other  Rabi pulses_Rabi","Other Dry Fruit_Whole year","other fibres_Whole year","Other Fresh Fruits_Whole year","Other Kharif pulses_Kharif","other misc. pulses_Kharif","other misc. pulses_Rabi","other oilseeds_Kharif","other oilseeds_Rabi","Other Vegetables_Whole year","Papaya_Whole year","Peas  (vegetable)_Whole year","Peas & beans (Pulses)_Kharif","Peas & beans (Pulses)_Rabi","Peas & beans (Pulses)_Summer","Peas & beans (Pulses)_Whole year","Pome Fruit_Whole year","Potato_Kharif","Potato_Rabi","Potato_Summer","Potato_Whole year","Ragi_Kharif","Ragi_Rabi","Ragi_Summer","Rapeseed &Mustard_Kharif","Rapeseed &Mustard_Rabi","Rice_Kharif","Rice_Rabi","Rice_Summer","Safflower_Rabi","Samai_Kharif","Samai_Rabi","Sannhamp_Kharif","Sannhamp_Whole year","Sesamum_Kharif","Sesamum_Rabi","Small millets_Kharif","Small millets_Rabi","Soyabean_Kharif","Sugarcane_Kharif","Sugarcane_Whole year","Sunflower_Kharif","Sunflower_Rabi","Sunflower_Summer","Sunflower_Whole year","Sweet potato_Kharif","Sweet potato_Rabi","Sweet potato_Whole year","Tapioca_Kharif","Tapioca_Whole year","Tobacco_Kharif","Tobacco_Rabi","Tobacco_Whole year","Tomato_Whole year","Turmeric_Kharif","Turmeric_Whole year","Urad_Kharif","Urad_Rabi","Varagu_Kharif","Varagu_Rabi","Wheat_Rabi","Sales..Rs."
7.5,7,11.4,11.9,18.2,178.4,317.4,291.7,171.4,83,14.8,7.3,1120,14.5,41.5,958.9,105.1,0,0,0,38153.1818181818,1871,0,628,768.7,0,58.6666666666667,96.6,171,298,0,2,519.5,77.5,0,0,55,0,0,985.090909090909,77,0,0,941,726,1811.16666666667,188771.5,0,48,4987.66666666667,566.2,0,8552.33333333333,0,0,0,151.5,0,9461,0,102.1,4021.58333333333,71.6,1653.66666666667,33548,58776.0833333333,0,0,0,0,3126.55555555556,21527.0833333333,5996.58333333333,0,3453.5,38381,296,32,0,14567.8333333333,3469.16666666667,0,0,38,564.6,0,561.6,64.5,1148.55555555556,0,45,61,1618.22222222222,1017,1577,0,178.5,1259,0,0,0,0,0,0,5.5,0,2,0,18,0,0,0,0,32,59986.5833333333,9857.58333333333,0,555.571428571429,5.33333333333333,0,524,807,2761.16666666667,8471.91666666667,0,0,70921.5,223.25,158.333333333333,2803.5,4281.5,0,1576,14,0,6.25,0,0,0,80.25,123,2021.5,6062.5,6721.75,18226.3333333333,1227.66666666667,13,0,3595.72727272727,49453343.21
3,3.3,6.1,18.9,56.7,55.2,64.3,74.5,128.8,115,35.3,11.6,572.7,6.3,81.7,322.8,161.9,0,274,259.5,31398.1818181818,118.666666666667,0,1536.08333333333,108,0,1283.25,261.6,1,113.5,0,0,1077.5,0,0,0,0,0,0,2530.16666666667,747,780.5,830.333333333333,3766,4470,4775.83333333333,6369.83333333333,0,34.5,2085.33333333333,74.3333333333333,0,3849.66666666667,0,0,0,0,0,54629.9166666667,114.5,751880.75,19546.8333333333,1340.54545454545,1194.5,9424.58333333333,16055.5833333333,0,1981,96,14,14.75,4918.58333333333,2333.41666666667,0,3951.5,23117,98,0,0,1222.83333333333,29.125,0,0,1369.5,237,0,1491.6,13604,9,0,132,2829.5,1393,1292,0,0,0,1775,1462.5,0,0,0,0,0,1336.5,0,2,0,3,3861.33333333333,660,0,0,8,30024.8333333333,18679,0,668.333333333333,133,0,0,0,6.5,6,624.4,36,314.857142857143,241.8,523.5,41189.1,23371,0,55286,14.5,13,34,0,0,99,250,80,3091.5,2.75,23.5,124.285714285714,158.333333333333,0,0,337.375,45895154.17
1.8,1.5,4.5,23.5,57.3,80.1,73.6,72.5,137.1,112.8,25.3,7,597,3.3,85.3,363.3,145.1,6,0,3.4,3398.66666666667,0,6,36416.0833333333,0,0,0,651,0,0,0,0,626,0,0,0,1,0,0,29,362,0,687.272727272727,0,0,38.2727272727273,10161,3311.2,0,593.666666666667,258,99.6666666666667,598.625,0,0,0,57.3,810,26119.9166666667,1218.5,8428.08333333333,15720.8181818182,1794.90909090909,3212.18181818182,8552.33333333333,139017.666666667,14,0,0,0,4108.5,34503.3333333333,14695.4166666667,1856.91666666667,444,0,0,50,26.6,23153.1666666667,0,222.166666666667,0,9307.8,1656.8,740.75,5221.14285714286,0,874.181818181818,0,0,418.5,3522,0,0,0,0,0,43,0,0,0,0,0,54.5,0,0,0,0,0,0,0,48.6666666666667,64.125,122.25,0,23.25,3513.25,0,0,0,24.5,1578.83333333333,0,241.3,0,3713.08333333333,0,52724.3333333333,28466,55045.75,3381.66666666667,0,0,0,40.5555555555556,0,0,0,0,1,217.5,0,611.3,51,0,0,0,22625.6666666667,4033919.9
2.3,6.7,8.2,39.2,106.3,73.9,91.6,128.9,181.3,159.7,53.9,18,870,9,153.7,475.7,231.6,49,0,206,781.75,0,49,0,0,0,0,616.444444444444,383.5,0,0,0,375.5,0,0,0,0,0,0,386.083333333333,0,0,2690.72727272727,0,0,24.0909090909091,0,0,0,121.333333333333,21,32.3333333333333,303.625,7.33333333333333,0,0,13.5714285714286,317,92.4,692.5,276.166666666667,32.9,1231.36363636364,1351.81818181818,253,0,0,0,0,0,0,776.25,73.5,344.25,1434.5,0,0,0,0,56.1666666666667,0,559.5,0,54.4,0,0,99.4285714285714,0,201.636363636364,0,0,583,3311.36363636364,0,0,0,0,0,42,0,58,23.5,18.5,121,514.5,91.4,118.5,16,323.125,36365.25,169.75,181.75,565,648.111111111111,2822.91666666667,8.5,1098.5,0,0,0,0,0,88.5454545454545,0,54.6666666666667,0,0,0,44.2857142857143,13.0909090909091,4,3.66666666666667,0,0,0,21,0,0,0,0,0,704,0,13,47.0909090909091,0,0,0,0,1779429.16
1.7,5.8,7.6,36.2,93.1,71.2,91.7,118.1,170.9,171.8,55.4,13.5,837,7.5,136.9,451.9,240.7,1904,0,1540.55555555556,3833.66666666667,0,1904,10.2,0,0,0,2313.55555555556,503.5,0,5.77777777777778,0,194,0,1,0,44,26,26,1973.08333333333,20.5,0,15799,0,0,89.5,0,0,0,550.333333333333,20.6666666666667,11,927.375,41.2857142857143,69.75,0,10,799,209.454545454545,1175,11239,349.454545454545,6212.18181818182,3469.45454545455,0,0,0,0,0,0,0,7014.75,90.5,212.666666666667,18350,0,0,0,0,111.166666666667,16.6666666666667,1961.66666666667,0,67.8,16.25,43.75,41.7142857142857,0,205.727272727273,0,0,1117.5,9646,0,0,0,0,0,43,0,142.5,61,139,675,958.5,350.6,849.4,237.8,1435.57142857143,110069.833333333,232,746.416666666667,988.666666666667,1253.66666666667,7853.91666666667,185,2480.08333333333,0,0,0,0,0,1257.58333333333,0,231.285714285714,0,27.3333333333333,0,1041.44444444444,60.0833333333333,58.75,164.75,0,0,0,21.5555555555556,0,114.444444444444,0,0,0,1495.5,0,56.0909090909091,88.9090909090909,2.66666666666667,0,0,4,1804272.28
0.7,0.9,6.2,30.2,74.8,130.4,204,126.7,113,116.6,30.6,5.1,839.2,1.6,111.2,574.1,152.3,0,0,7,5886.41666666667,0,0,27052.6666666667,0,0,0,1317.11111111111,449.5,0,0,0,1163,0,0,0,634,421,421,298.666666666667,74.5,0,375,0,0,399.272727272727,41469.7142857143,25548.6,0,3578,764,700.333333333333,7110,0,7.5,0,586.5,3876.5,37802.5833333333,636,63493,6789.45454545455,6987.18181818182,1990.63636363636,42208.3333333333,149340.333333333,225.083333333333,0,0,0,1941.16666666667,86131.5833333333,32090.5833333333,2785.66666666667,606,0,0,12.3333333333333,12.2,26314.9166666667,109.5,669.916666666667,0,7654.8,745.8,179.5,4593.85714285714,0,1550.27272727273,0,0,181,5808.45454545455,0,0,0,0,0,41,0,56.5,50,2,43,81.5,4193.2,134,33,5319.71428571429,2907.91666666667,0,0,401,390.444444444444,67027.4166666667,0,119.545454545455,7654.66666666667,0,0,0,1594,784.5,0,4557,0,65812,0,125487.777777778,15943.1666666667,14646.25,1311.41666666667,0,0,0,1841.66666666667,0,0,0,0,21996.4,1402,0,1448,2752.63636363636,0,0,0,57589,9315663.56
1.4,1.4,2.9,26.2,57.9,72.4,77,89.3,137.3,116.3,31.1,9.6,622.8,2.8,87,376,157,30,0,39.6666666666667,8543.91666666667,0,30,18666,221.454545454545,873.636363636364,0,1822,0,0,0,0,897.5,0,0,0,0,7,7,339,55.5,0,1254.09090909091,0,0,4708.72727272727,47023.7142857143,23471.4,0,12438.6666666667,79.3333333333333,47.3333333333333,10936.875,1,1,0,2.33333333333333,1862,18831.0833333333,13.5,61190.75,11150.2727272727,6522.54545454545,1252.63636363636,39763.9166666667,37203.5833333333,1135.75,0,0,0,49.0833333333333,62798.0833333333,1924.33333333333,866.333333333333,973,0,0,0,3,2814.41666666667,100.9,968.25,0,3946,232.6,732.5,4029,0,2387.36363636364,0,0,678.5,1387.63636363636,0,0,0,0,0,373,0,0,0,0,0,42,0,0,0,0,5512,49.5714285714286,43,77,114.428571428571,60325.3333333333,721,29302.1666666667,4258.83333333333,0,0,0,51.8333333333333,4919.08333333333,0,10148,0,0,0,4499.11111111111,32091.0833333333,40284.25,5420.08333333333,0,0,0,0,0,0,0,0,505.7,573,0,3.875,73.2,103.272727272727,0,0,1482.5,13590167.63
5.9,6.1,10.1,21.7,31.4,137.1,190.7,196.6,170.5,93.5,20.9,6.2,890.7,12,63.2,694.9,120.6,0,0,0,65255.6666666667,0,0,9227.08333333333,0,0,0,227.111111111111,106.5,0,2.5,0,202,0,0,0,39,29,29,0,51.5,0,18.4545454545455,0,0,587.636363636364,2051.57142857143,1358.2,0,565,121.333333333333,13.6666666666667,853.375,958.285714285714,1079.5,0,71.5,60364,39893.9090909091,46,1312.41666666667,707.090909090909,61.4,0,66344.25,28879.9166666667,22.6666666666667,0,0,0,458.333333333333,431,84.3333333333333,31,437.5,0,0,1276.5,876.6,47337.25,0,6333.08333333333,0,83.4,378.2,27,461.285714285714,0,1148.09090909091,0,0,23.5,959.090909090909,0,0,0,0,0,154,0,4.5,2,1,22,60,23.2,47.8,0,49.4285714285714,0,0,0,27.6666666666667,19.2222222222222,8419.5,48.5,5,10740.4166666667,0,0,0,304,9065,0,379.6,0,13867,0,26922.4444444444,6574.5,4872.58333333333,139.5,0,0,0,1.5,0,0,0,0,0,1378.5,0,105.454545454545,65585.9090909091,0,0,0,7879,3342317.3
6.2,4.2,11.9,18.9,12.4,195.9,458.2,486.1,228.9,92.8,9.4,3.3,1528.2,10.4,43.2,1369.1,105.5,0,0,0,39299,0,0,75406.5,0,0,0,1344.33333333333,4,0,0,0,758,0,0,0,0,0,0,58.2,5534,0,201.272727272727,0,0,197.909090909091,6979.57142857143,3386.2,0,774.666666666667,423.666666666667,210.666666666667,1562.75,0,0,0,312.4,7343,64108.6666666667,4660.5,47510.5833333333,16839,13799.5454545455,1921.45454545455,480.75,267026,73.5,0,0,0,5061.33333333333,17865.4166666667,6780.75,2165.16666666667,672,0,0,0,0,22289.9166666667,3.33333333333333,605.166666666667,0,7162.2,3374.2,918,7397,0,191.6,0,0,207.5,9492,0,0,0,0,0,67,0,24,0,0,26,116.5,0,0,0,0,0,0,0,0,0,112.166666666667,8.33333333333333,0,8863.58333333333,0,0,0,0,917.75,0,302.571428571429,0,33.8571428571429,0,18562.6666666667,62286.4166666667,124420.666666667,2724.16666666667,0,0,0,61.4444444444444,0,0,0,0,0,5133.5,0,52.7272727272727,207.333333333333,124,0,0,57615.6666666667,8594652.78
2.4,2.7,5.2,20.1,46.5,94.5,91.8,91.3,158.4,111.7,24.9,6.9,656.4,5.1,71.8,436,143.5,0,0,0,39299,0,0,75406.5,0,0,0,1344.33333333333,4,0,0,0,758,0,0,0,0,0,0,58.2,5534,0,201.272727272727,0,0,197.909090909091,6979.57142857143,3386.2,0,774.666666666667,423.666666666667,210.666666666667,1562.75,0,0,0,312.4,7343,64108.6666666667,4660.5,47510.5833333333,16839,13799.5454545455,1921.45454545455,480.75,267026,73.5,0,0,0,5061.33333333333,17865.4166666667,6780.75,2165.16666666667,672,0,0,0,0,22289.9166666667,3.33333333333333,605.166666666667,0,7162.2,3374.2,918,7397,0,191.6,0,0,207.5,9492,0,0,0,0,0,67,0,24,0,0,26,116.5,0,0,0,0,0,0,0,0,0,112.166666666667,8.33333333333333,0,8863.58333333333,0,0,0,0,917.75,0,302.571428571429,0,33.8571428571429,0,18562.6666666667,62286.4166666667,124420.666666667,2724.16666666667,0,0,0,61.4444444444444,0,0,0,0,0,5133.5,0,52.7272727272727,207.333333333333,124,0,0,57615.6666666667,8594652.78
3.4,6,13.2,69.2,131.2,61.8,68.7,66,124.1,157.8,62.7,24.3,788.4,9.4,213.6,320.6,244.8,279,0,295.111111111111,2054.08333333333,0,279,582.583333333333,0,0,0,3215.88888888889,305,0,5,0,412.5,0,10.3,0,56,137,137,796.5,17,0,9302.63636363636,0,0,173.363636363636,9993.42857142857,2359.6,0,862.333333333333,63,167.333333333333,698.75,0,11.5,0,78.4,2702.5,3365.25,22,15633.25,260.818181818182,1352,21407,21306.0833333333,88.875,208.666666666667,0,0,0,0,20627.9166666667,1682.5,1234,236.5,0,0,0,0,1483.58333333333,236.166666666667,918.083333333333,0,1908.2,686.8,293,2086.57142857143,0,2267.27272727273,0,0,111.5,5160.09090909091,0,0,0,0,0,0,0,140.5,33,22,358,43,27,0,0,8.83333333333333,19946.5833333333,963.166666666667,815.75,0,0,14771.9166666667,327,1712.41666666667,0,0,0,0,0,1291,0,59.7,0,8.75,0,12041.3333333333,8658.66666666667,152.5,254.583333333333,0,0,0,0,0,0,0,0,120.3,289.5,0,4044.18181818182,2169.54545454545,156.727272727273,0,0,5.75,1872436.34
2.1,4.6,8.2,27.2,69.4,64.3,89.2,104.9,153.4,156.8,52.9,15.5,748.5,6.7,104.8,411.8,225.2,0,0,0,0,0,0,0,0,0,0,0,0,0,0,0,0,0,0,0,0,0,0,0,0,0,0,0,0,0,0,0,0,0,0,0,0,0,0,0,0,0,0,0,0,0,0,0,0,0,0,0,0,0,0,0,0,0,0,0,0,0,0,0,0,0,0,0,0,0,0,0,0,0,0,0,0,0,0,0,0,0,0,0,0,0,0,0,0,0,0,0,0,0,0,0,0,0,0,0,0,0,0,0,0,0,0,0,0,0,0,0,0,0,0,0,0,0,0,0,0,0,0,0,0,0,0,0,0,0,0,0,0,4505846.68
1.6,2,12,60.2,105.9,395,662.1,425,175.2,167.4,58.8,12.3,2077.5,3.6,178.1,1657.3,238.5,15910,0,16889.8888888889,735.5,0,15910,0,0,0,0,1604.33333333333,1234.5,0,1663.27272727273,0,136.5,0,2606.4,0,477,299,299,792.666666666667,42.5,0,33317.4545454545,0,0,1162.63636363636,1860.57142857143,1655.6,0,3743.66666666667,8.66666666666667,33,3272.25,312.714285714286,759,0,8.66666666666667,1307,4089.58333333333,19,4242.66666666667,698.363636363636,3074.45454545455,8171.09090909091,4156.33333333333,6520.08333333333,0,0,0,0,0,2413.16666666667,0,0,1746.5,0,0,0,0,2170.33333333333,41.9166666666667,1022.58333333333,0,3854.2,13.75,2,3565.42857142857,0,167.454545454545,0,0,94,5161,0,0,0,0,0,0,0,301.5,5.5,20.5,140,15.5,3707,25,30,2526.14285714286,57927.6666666667,157.75,0,252,236.222222222222,42759.1666666667,0,3150.41666666667,96.0833333333333,0,0,0,0,5010,0,1337.6,0,114,0,1539.33333333333,11300.6666666667,202.333333333333,11.75,0,0,0,76.3333333333333,0,25,0,0,90.1,778.5,0,34,792.272727272727,35.7272727272727,0,0,17.6666666666667,956533.71
1.4,1.2,4.4,25.8,64.9,50.5,56.1,58.9,105.5,116.4,33.8,8.8,527.7,2.6,95.1,271,159,13452,0,12805.3333333333,7759.75,0,13452,3909.5,15,6.66666666666667,0,1352.11111111111,23.5,0,0,0,390,0,0,0,14,7,7,1884.33333333333,34.5,0,40462.1818181818,0,0,298.363636363636,14546.2857142857,9890.2,0,1879,80,55.3333333333333,2819.25,8,0,0,4.28571428571429,2002,7202.41666666667,12.5,145263,3464.09090909091,8090,5717.18181818182,14683.8333333333,18013.25,748.583333333333,0,0,0,0,50420.25,2567.66666666667,276.75,1065.5,0,0,0,0,4144,0,459.583333333333,0,14877,573.4,311.5,13781.5714285714,0,76.2727272727273,0,0,367,5644.72727272727,0,0,0,0,0,188,0,19,3,3,36,28.5,2,0,0,0,57771.25,698.666666666667,1264.58333333333,234.666666666667,247.888888888889,4749,985.166666666667,3684.91666666667,2854.91666666667,0,0,0,0,4266.83333333333,0,9782.9,0,22,0,1068.57142857143,23594.5,16955.9166666667,1468,0,0,0,0,0,0,0,0,442.1,760,0,14.3333333333333,73.9090909090909,0,0,0,915.583333333333,2226896.68
7.7,7.6,10.1,25.6,67.2,66.8,100.1,110.2,140,167.2,137.3,58.4,898.2,15.3,102.9,417.1,362.9,0,0,0,6507.90909090909,132,0,2313.91666666667,90.2857142857143,0,825,753.8,1436.5,361,0,0,1724,38.5,0,98,111.666666666667,0,0,337.444444444444,226.5,4125.5,4155.66666666667,102,125,91.8333333333333,19.5,0,4.5,585.666666666667,2274.33333333333,0,3294.83333333333,0,0,0,0,0,7.33333333333333,34,160600.5,21367.75,4682,2002.41666666667,1897.75,37.6666666666667,0,35.5,0,0,15.7777777777778,583,530.833333333333,0,48203,5096,0,3.5,0,403.5,138.4,0,0,239.2,225.4,0,521,5,21.1666666666667,0,0,286.5,2462.90909090909,1653,13,0,22,802,28,1,0,0,0,0,67.5,527,1243.5,0,1230,9315.5,1178.54545454545,0,0,2,23449.4166666667,40983.25,0,10,1970.5,0,0,0,417.1,786.363636363636,1283.5,0,0,27742.5,37506.3333333333,1836.90909090909,2407.25,0,3280,160.333333333333,226,199.25,18,2,225,106.5,32.3333333333333,18237,69.5,73.5,201.222222222222,277.6,0,0,3.5,31414412.4201
1.9,2.4,4.7,17.3,47.6,69.8,101.1,108.6,124.6,137.3,77.2,24.4,716.9,4.3,69.6,404.1,238.9,0,0,0,14710.5454545455,91.2,0,3177,1605.8,0,4289.75,4001.8,91.5,223.5,0,1,504.5,0,0,6,6.66666666666667,0,0,2396.75,5917,111,128.666666666667,16214,17239,11400.5,17785,0,19.5,2212.16666666667,215.4,0,4792.83333333333,1,0,0,0,0,47398.0833333333,0,128903.916666667,21874.0833333333,212.818181818182,983.583333333333,4088.5,5298.33333333333,0,337.75,68.5,293,537,216.333333333333,338.142857142857,0,17803.5,12186,88,3,0,466,78.625,0,0,2113.66666666667,412.2,0,3121.6,3278,54.6,0,0,1743.5,464.125,33,0,0,4,389,2702,0,0,0,0,0,110,0,0,0,0,47.2222222222222,628.909090909091,0,0,8,45384.5833333333,13788.6666666667,0,12,1.5,2.5,32,35,652.222222222222,3719,60.6,26.3333333333333,15.3333333333333,760.5,578.833333333333,50374.6363636364,48409.25,0,53688,31.3333333333333,59,60.5,0,0,324,149,462.333333333333,2812,2683.66666666667,2918.25,185.714285714286,433.272727272727,0,0,83.4285714285714,32793262.03
1.1,0.8,4.2,35,74,78.7,102.9,87,116.3,124.4,44.9,7.4,676.7,1.9,113.2,384.9,176.7,20922,0,20747.2222222222,5892.16666666667,0,20922,686.583333333333,8,1,0,1011.22222222222,280.5,0,9.90909090909091,0,404,0,1.25,0,35,37,37,217.083333333333,31.5,0,12456.8181818182,0,0,55.6363636363636,9733.28571428571,8481.6,0,1791.33333333333,89,114,2736.375,6,5.25,0,13.1666666666667,326.5,2259.58333333333,1,17755.5833333333,4888.90909090909,1366.09090909091,3218.90909090909,29417.5833333333,7076.33333333333,1586.16666666667,0,0,0,4.83333333333333,144705.666666667,282,273.833333333333,925,0,0,1,0,1804.66666666667,144.5,726.833333333333,0,6162.2,469.8,90.5,6348.28571428571,0,1259.63636363636,0,0,137.5,2065.72727272727,0,0,0,0,0,54,0,70,3,2,53,12,25.2,0,0,6.6,29418.5,192.777777777778,109.416666666667,36.3333333333333,90.6666666666667,63275.75,164,45468,172.416666666667,0,0,0,18.25,1789.5,0,1450.5,0,5.33333333333333,0,11295.4444444444,9551.5,5462.75,1995.83333333333,0,0,0,16,0,0,0,0,1485.7,934.5,0,45.1428571428571,60.9090909090909,187.666666666667,0,0,553.916666666667,3103626.1
2.3,3.2,6.9,46.6,82.5,113.8,149.1,101.6,119.5,120.4,39.6,6.2,791.7,5.5,136,484,166.2,10,0,12.4444444444444,2744.83333333333,0,10,41,0,0,0,188.111111111111,0,0,4.25,0,360,0,0,0,85,11,11,16.6,30,0,414.272727272727,0,0,477.727272727273,87182.7142857143,75661.8,0,48062.6666666667,18.5,130,52412,0,0,0,1697.3,525.5,36770.5833333333,0,35017,1066.36363636364,895.181818181818,2733.72727272727,12203.5,42430,2,0,0,0,180.75,25461.6666666667,639.083333333333,151.583333333333,2637.5,0,0,16.75,37,29926.25,1958.5,356.416666666667,0,33698.2,99,5.75,36289.7142857143,0,457.545454545455,0,0,1117.5,1423.18181818182,0,0,0,0,0,14,0,8.5,0,0,13,348,2066.2,93.3333333333333,0,2107.5,149.583333333333,0,0,9,17,31424,2,377.083333333333,8850.75,0,0,0,4.5,317.916666666667,0,2999.3,0,16540.25,0,2901.77777777778,957,6311.66666666667,45.2222222222222,0,0,0,0,0,0,0,0,26.8571428571429,604,0,3,1132.63636363636,5,0,0,40542.3333333333,2907378.83
6,10.1,11.3,22.8,75.3,131.9,206.4,188.4,177.2,199,69.8,7.8,1106,16.1,109.4,703.9,276.6,0,15.1666666666667,6.5,1135.09090909091,766,0,1904.58333333333,11.6666666666667,0,16666.5,12286,270,888.5,0,80,2336,107.5,0,33459,33831.3333333333,0,0,25.8333333333333,874,49934,49154,0,8,45.1666666666667,8287.58333333333,0,33.5,699.5,620,0,1832.66666666667,7.33333333333333,7,0,0,0,273.444444444444,0,210.8,697.454545454545,71.7777777777778,1055.33333333333,814.25,37.375,0,833.75,0,0,14,1566.33333333333,5706.66666666667,0,19069,1696,0,7.57142857142857,0,596.181818181818,57199.5,261.4,69.6666666666667,549.666666666667,56,0,254.2,995,444.857142857143,0,0,240.5,8.33333333333333,0,11,6056,2164,3173.5,21,0,0,0,0,0,376,0,0,0,0,549,61.8888888888889,0,0,3,229998.166666667,155329.416666667,0,44,1482.5,17,79,0,1519.91666666667,1413.41666666667,746,0,130.8,15794.8333333333,15465.6666666667,169.5,414,0,1435,70.6666666666667,60,60.25,16445.6666666667,16939.5,8227,7191.4,6621.6,709.5,316.666666666667,252,1420,50128.5833333333,0,0,0,32628781.5301
1.2,1,3.9,33.5,71.7,85.1,70.4,75.3,137.5,121.1,33,7.5,641.2,2.2,109.1,368.3,161.6,0,0,2.83333333333333,2375.41666666667,0,0,1751.41666666667,0,0,0,150.777777777778,4,0,0,0,239,0,0,0,0,0,0,127.083333333333,25.5,0,496.636363636364,0,0,183.727272727273,58168.8571428571,49406,0,14374,15.6666666666667,65.6666666666667,15623,6,0,0,145.6,274,34490.1666666667,21,55823.8333333333,6490.18181818182,444.363636363636,1443.63636363636,10604.3333333333,70092.5833333333,38.4166666666667,0,0,0,967.083333333333,24101.6666666667,1435.66666666667,79.3333333333333,181.5,0,0,23,0,63329.6666666667,0,788.583333333333,0,32822.4,257.4,154.25,25663.8571428571,0,526.272727272727,0,0,108,1140,0,0,0,0,0,6,0,0,1,11,0,53,0,0,0,2,44.0833333333333,0,0,219,128.142857142857,1101.91666666667,2.5,555.166666666667,4567.91666666667,0,0,0,19,1711.66666666667,0,772.4,0,79.5714285714286,0,228.666666666667,11818.3333333333,55571.8333333333,1816.83333333333,0,0,0,2,0,0,0,0,107.111111111111,295,0,1.66666666666667,37.4444444444444,0,0,0,35621.25,338486.2
4.3,2.9,6.2,19.7,36.4,112.8,156.1,167.6,184,105.3,20.8,4.5,820.6,7.2,62.3,620.5,130.6,0,0,0,351063.5,0,0,66106.9166666667,4,227,0,1562.11111111111,2,0,1,0,469,0,0,0,0,1,1,105.333333333333,1136,0,715.818181818182,0,0,56.8181818181818,18972.2857142857,30568.6,0,3157,84.3333333333333,58,4679.875,11.5714285714286,7,0,13,27868.5,122573.416666667,131,32225.5,40320.8181818182,1557.36363636364,1345.90909090909,9349.16666666667,311542.416666667,297.666666666667,0,0,0,818,2476.08333333333,229.416666666667,439,1282,0,0,2162.5,732.6,108510.75,7,1737.33333333333,0,1223.2,1386.4,95,2610.85714285714,0,58.2727272727273,0,0,70.5,1875.27272727273,0,0,0,0,0,70,0,0,0,0,0,134.5,13.5,4.4,0,7.57142857142857,6,0,0,6.5,106.833333333333,32705.3333333333,4279.83333333333,25278,18161.4166666667,0,0,0,16.8571428571429,18495.0833333333,0,760.5,0,457.916666666667,0,7842.88888888889,69739.3333333333,42663.0833333333,1865.75,0,0,0,22.1111111111111,0,0,0,0,4,470.5,0,424.090909090909,46819.6363636364,0,0,0,21866.9166666667,4632305.13
5.5,7.7,7.7,15,58.4,90.2,147.3,155.4,150.1,143.9,75.8,14.5,871.5,13.2,81.1,543,234.2,0,0,0,31700.8181818182,808.428571428571,0,2962.875,70.25,0,6080.5,6449.6,489,1976,0,275,1200,222.5,0,166,152,0,0,2931.58333333333,2013.5,174,356.333333333333,0,22,85,146144.666666667,0,1721.5,56934,1689.33333333333,0,54280.1666666667,0,0,0,0,0,7694.58333333333,0,269.9,4951.75,0,31,1675.75,4175,0,0,0,0,0,2316.25,29679,0,948.5,36964,977,9,0,10006.5,5980.25,0,0,855.333333333333,291.2,0,1354.2,623.5,98,0,6268,1354.5,0,0,0,5,32,5218.5,87.5,0,0,0,0,0,296,0,0,0,0,0,18.4,0,0,1032.1,259382.583333333,31653.75,0,0,0,0,0,0,6619.91666666667,1023.6,0,44.5,1151.16666666667,1469.5,1835,135.5,195.5,0,50,16.6666666666667,15,49.75,0,5,6246,4149.2,6006.5,1272.5,4806.66666666667,4520.5,3239.25,109948.583333333,0,62.5,0,37507244.37
1.3,2.5,10.7,55.1,102.2,125,203.8,130,115.5,156,54.1,10.9,967.1,3.8,168,574.3,221,3171,0,3093.11111111111,2504.66666666667,0,3171,0,0,0,0,2547.22222222222,524,0,1561.81818181818,0,1620,0,7456.3,0,6,20,20,3012.58333333333,97,0,57115.4545454545,0,0,199.818181818182,2888.28571428571,1315,0,1164,198,877.666666666667,1987.25,1289.85714285714,9735.5,0,15.7,927,2804,2,1208.83333333333,1283,4433.09090909091,18901.6363636364,2541.83333333333,1547.33333333333,0,0,0,0,0,24651.6666666667,3710.16666666667,220.333333333333,1242,0,0,0,0,2652.91666666667,118.916666666667,4698.58333333333,0,114.6,3,3,205.571428571429,0,4247.09090909091,0,0,295.5,9958.81818181818,0,0,0,0,0,55,0,147.5,14,133,897,144.5,37893.2,122.4,115,27262.7142857143,84256.6666666667,21458.0833333333,302.666666666667,248,326,48533.4166666667,1338,5004.16666666667,0,0,0,0,6,3756.33333333333,0,229.333333333333,0,26.7142857142857,0,5128.33333333333,9320.66666666667,948.583333333333,67,0,0,0,132.888888888889,0,0,0,0,7754.3,1906,0,52.0909090909091,854.181818181818,143.363636363636,0,0,0,2348538.32
0.3,0.5,4,43.6,78.5,114.7,169.8,111.1,99.5,119,43.9,7,791.9,0.8,126.1,495.1,169.9,721,0,657.444444444444,4616.5,0,721,260.333333333333,0,8,0,1004.22222222222,120,0,0,0,538.5,0,0,0,44,16,16,122.916666666667,29,0,1090.63636363636,0,0,259.454545454545,67066.8571428571,83259,0,14491.6666666667,767.666666666667,1934.33333333333,33286.375,110.571428571429,78,0,2219.1,285,1764.5,0,21316.0833333333,5000,702.909090909091,6150.81818181818,21453.75,41780.8333333333,309,0,0,0,160.166666666667,107098.583333333,1360.75,839.166666666667,803.5,0,0,1,8,13506.75,2263.33333333333,1037.91666666667,0,8046.2,109.4,46.5,7718,0,2302.45454545455,0,0,236.5,1741.63636363636,0,0,0,0,0,15,0,31,1,0,47,108.5,1,0,0,4.2,2040,0,1,66.6666666666667,79.6666666666667,44516.5833333333,53,3080.91666666667,2059.16666666667,0,0,0,2.4,847.833333333333,0,9759.4,0,3315,0,3649.55555555556,3436.33333333333,6071.83333333333,2127.41666666667,0,0,0,0,0,0,0,0,37.8,1383.5,0,3,629.363636363636,352.636363636364,0,0,1472.91666666667,4367001.48
10.8,5.6,10.8,15.7,24,153.2,257.3,226.7,163.1,85.9,20.8,5.9,979.8,16.4,50.5,800.3,112.6,0,0,0,8762.54545454545,606.2,0,471,442.75,0,21,18.6666666666667,100,391,0,1,387.5,33,0,0,0,0,0,2013.25,132.5,0,0,31,9,55.5,104387.5,0,152,5958.5,587.333333333333,0,11385.3333333333,10,0,40,95.5,0,2714.91666666667,8,3529.09090909091,15011.5,32,1259.45454545455,434.5,1668.6,0,0,0,0,0,84145.4166666667,41201.6666666667,0,7614.5,6447,672,0,0,22078.0833333333,1473.90909090909,0,0,245.6,664.833333333333,0,625.4,3097,2644.71428571429,0,0,12,1181.81818181818,698,153,0,24,2058,0,0,0,0,0,0,60,0,0,0,0,0,0,0,0,0,132523.916666667,104172.333333333,0,610.5,0,0,0,5,681.625,3177.91666666667,0,0,650.4,1499.5,1585.66666666667,1256,1253,0,1080,15,0,12,0,0,324,704.25,1491.75,1021,17094.8333333333,13928.5,69.6666666666667,622.2,0,0,108.125,43984820.46
4.5,7.1,10.6,23.8,52.6,150.3,282.8,256.4,170.9,106.9,24.5,4.5,1094.9,11.6,87,860.4,135.9,0,0,0,22293.5454545455,825.285714285714,0,297.3,31.5,0,1180.25,1097.6,109,397,0,49.5,343,10,0,7532,9666,0,0,8.33333333333333,466,789.5,980.5,4,8,2,99789.8333333333,0,266,19456.1666666667,9044.16666666667,0,23143.1666666667,0,0,0,0,0,130.75,0,749.2,6308.66666666667,0,359,1544.54545454545,9177.83333333333,0,0,0,0,0,17714.4166666667,8135,0,33023,24865,513,43,0,25283.0833333333,3980.41666666667,0,0,1,5,0,4,48.5,3847.66666666667,0,0,188.5,223.2,0,49,2491,435.5,696,31.5,0,0,0,0,0,240.5,0,0,0,0,11.125,3.66666666666667,0,0,25,135983.916666667,26139,0,18,19.5,0,33.5,15,5138.33333333333,2797.5,0,19.5,0,3641.16666666667,4354.5,486.875,598,0,391,26.3333333333333,7,16.25,0,0,5449,4974.2,5396.8,805,226,363.5,664.083333333333,5703.91666666667,0,0,0,45137977.12
2.7,4.5,10.4,27.8,74.4,63.3,76.4,91.2,151.8,148.2,58.8,21.6,731.1,7.2,112.6,382.7,228.6,72,0,72.4285714285714,6218.66666666667,0,72,129.111111111111,0,0,0,1000.22222222222,1955,0,0,0,640.5,0,0,0,883,2344,2344,284.5,71.5,0,1986.45454545455,0,0,64.8181818181818,30,0,0,401.333333333333,252.666666666667,753.666666666667,1646,3,0,0,10,71.5,1223.4,1366,42059.5833333333,560.818181818182,2916.72727272727,8832.54545454545,0,0,0,0,0,0,0,13987.8333333333,476.8,477.666666666667,42613,0,0,0,0,102.428571428571,3,706.666666666667,0,354.6,384,113.75,1561.28571428571,0,119.777777777778,0,0,1966.5,9184.27272727273,0,0,0,0,0,274,0,1458,344,419.5,3784,1397.5,1021.66666666667,3132.6,1228,7400.14285714286,88100.25,449.166666666667,470.25,1281,1002.44444444444,7440.66666666667,142.5,5258,0,0,0,0,0,15,0,532.7,0,0,0,1332.5,886.583333333333,949.625,810.083333333333,0,0,0,0,0,0,0,0,0,7075,0,1,24,0,0,0,0,10153578.81
1.2,0.4,2.5,19.2,50.5,72.2,75.6,89.1,145.7,108.1,25.8,8,598.3,1.6,72.2,382.6,141.9,0,0,0,11199.5,0,0,63245.8333333333,235,33.5,0,959.111111111111,0,0,0,0,190,0,0,0,0,0,0,1480,78.5,0,588.636363636364,0,0,420.1,20862.2857142857,11310,0,647.333333333333,479.333333333333,203,675.125,0,0,0,0,3261,14765.4166666667,29.5,29295.1666666667,17765.4545454545,9278.72727272727,2609.63636363636,19171.9166666667,41302.25,876.166666666667,0,0,0,1660.41666666667,16492.25,1497,579.166666666667,831,0,0,0,40,12801.8333333333,140.5,1452.58333333333,0,1222,992.2,199,826.142857142857,0,2548.45454545455,0,0,89,4256.36363636364,0,0,0,0,0,15,0,238,0,80,0,27.5,0,0,0,3,0,0,0,0,175,38301.6666666667,8,29873.5,6057.16666666667,0,0,0,86,10598.1666666667,0,6353.5,0,0,0,1221.16666666667,31602,36667.6666666667,6341.66666666667,0,0,0,10,0,0,0,0,0,482,0,6,32.2222222222222,218.666666666667,0,0,9439.66666666667,3302329.78
4.6,6.3,8.7,16.9,46.8,120.9,216.6,194.2,169.7,164.2,66.1,12.1,1027.1,10.9,72.4,701.4,242.4,0,22,11,6906.45454545455,100,0,1,2,0,2127,1819.4,236,633,0,120.5,905.5,314.5,0,259,371.666666666667,0,0,14,629,1860,1777,0,0,13.4,37308.6666666667,0,684,7748.83333333333,1049.16666666667,0,12388.6666666667,25.8333333333333,34,0,0,0,394.1,0,2600.5,5385.25,79,529.545454545455,199.857142857143,651.363636363636,0,0,0,7,5,5491.5,7546.25,0,62726,10307,0,0,0,16440.6666666667,4860,0,0,31.8,75.8,0,90.2,48,4.75,0,0,373.5,389,0,0,3665,1669.5,2433,20.5,3,0,0,0,0,983.5,0,0,0,0,0,3,0,0,264,255533.666666667,84673.75,0,12,0,0,0,0,1337.90909090909,596.727272727273,0,0,9,16425.3333333333,14824.5,286,152,0,268,0,3,16.6666666666667,0,3,7145,5413.4,4438.8,1486,2006.33333333333,1978.75,3675.08333333333,110218.166666667,0,0,0,35111478.69
1.2,1.9,5.7,18.3,51.7,80.5,115.8,124.3,139.6,105.6,28.4,6.6,679.6,3.1,75.7,460.2,140.6,0,0,0,32059.6363636364,833.285714285714,0,12085.5833333333,612.625,0,2588.5,2445.8,521,6207,0,19,1246,6.5,0,0,0,0,0,12753.5,106,73,82.6666666666667,6452,9282,15605.6666666667,63340.6666666667,0,270,12432.6666666667,595.833333333333,0,12722,1,0,0,0,0,144922.416666667,4,193208.5,26755.5,14.3333333333333,1394.83333333333,10216.3333333333,81680.6666666667,0,20619,52.3333333333333,0,4.5,7069.66666666667,1306,0,3597.5,28051,325,92,0,5476.58333333333,378.636363636364,12,0,13488,1660.16666666667,0,10289.6,839.5,48.8571428571429,0,0,565,190.857142857143,75,12,0,13,1936.5,186.5,0,0,0,0,0,143.5,0,142,0,8,28.8333333333333,6,0,0,2479.8,71852.5833333333,19764,0,1384.11111111111,19.5,0,52,1,197.375,335.777777777778,8365.42857142857,54,359.4,1486.16666666667,164.333333333333,125011.3,94477.5,0,140629,6.5,74,16.5,0,0,11614,12124,11333,20413.5,1137.83333333333,942.75,2846.25,2922.08333333333,0,0,818.545454545455,72628176.5
1.8,2.9,5.6,16.6,34.1,91.1,161.6,158.2,148.8,85.4,21.2,3.8,731.1,4.7,56.3,559.7,110.4,0,0,0,64774.0909090909,148,0,11358.4166666667,259.666666666667,0,35,35,148.5,503,0,8,845,18.5,0,0,7.33333333333333,0,0,138447.5,445,9,10.1666666666667,291,264,613.833333333333,62811,0,135,6980.33333333333,1159.33333333333,0,11635.8333333333,0,0,0,0,0,12844.4166666667,60,50677.1666666667,49549.5,5252.25,1562.18181818182,85766.1666666667,31773.4166666667,0,2109.4,0,0,0,83169.0833333333,1995.08333333333,0,5596.5,61119,0,54.5,0,35643.25,37.75,0,0,1989.5,807.833333333333,0,2596.2,2032,66.8333333333333,0,0,292,640.25,553,142,0,5,966.5,147,3,0,0,0,0,616.5,0,11,0,0,6517.25,637.090909090909,0,0,0,83338.4166666667,47553.75,0,829.111111111111,411.75,74,0,0,929.363636363636,503.75,632.25,0,3,96.2,39,21509.1,19370,0,24340,0,0,13,0,1,2723,2384.8,4254.75,5297.5,59.6666666666667,109,2603.91666666667,19.125,0,0,180.625,87901955.38
1.9,3.6,7.6,45.3,105.1,48.7,49.3,58.9,128.2,153.1,47,14,662.7,5.5,158,285.1,214.1,804,0,752.777777777778,1083.25,0,804,5,0,0,0,1662.22222222222,391.5,0,2.75,0,479.5,0,0,0,4,262,262,1146.08333333333,35,0,18190.6363636364,0,0,2.66666666666667,26.1428571428571,5,0,496,23.6666666666667,35,814.125,3.85714285714286,20,0,3,7098.5,1358.7,0,4172.75,61.7272727272727,9324.72727272727,23964.7272727273,1627.9,105,15,0,0,0,0,2383.54545454545,294.571428571429,118.875,1681,0,0,0,0,479.416666666667,118.916666666667,1921.41666666667,0,155.4,144.2,61.25,329.142857142857,0,950.363636363636,0,0,283.5,7558.81818181818,0,0,0,0,0,23,0,153.5,49,42.5,411,104,85.8,76.4,144.5,112,60667.5833333333,3986.58333333333,2225.5,0,2,59399.4166666667,349.4,16031.3333333333,0,0,0,0,0,4725,0,4.8,0,37.1,0,23886.1111111111,29.4444444444444,9.5,2,0,0,0,18,0,4,0,0,0,1533,0,60.7272727272727,403.181818181818,123.181818181818,0,0,3,2623307.3
6.5,4.9,9.5,18.8,28,138.2,229.4,211.1,165.2,86.6,19.3,4.8,922.3,11.4,56.3,743.9,110.7,0,0,0,22520.0909090909,694,0,881.833333333333,2,0,475,267.4,1247,655.5,0,82,549.5,53,0,0,17,0,0,2778.83333333333,31.5,0,4,1195,1718,3136.33333333333,22458.5,0,83.5,3188.66666666667,1269.16666666667,0,8707.33333333333,1188.33333333333,1068,359,231.5,0,30728.0833333333,116,1067.09090909091,3409,153.857142857143,643.545454545455,35373,31293.25,0,14.3333333333333,0,562,786.555555555556,97086.5833333333,2836.08333333333,0,2801,17228,70,25,0,53139.4166666667,63.8,92.3333333333333,52,713.666666666667,3174.5,0,3441.8,131,845.9,0,0,102,1521.66666666667,1396,753,0,33,2336.5,11,21,0,0,0,0,404,813.333333333333,1617.5,0,1993,59,1,0,0,11.7142857142857,66080.3333333333,32251.5833333333,0,6763.66666666667,0,0,0,0,1776.81818181818,545.777777777778,2.5,0,2132,26090.1666666667,27788.3333333333,6386.1,11282.75,0,14820,0,0,0,0,0,37,35,75.3333333333333,2411,1578.66666666667,1725.25,23529.9166666667,49.75,0,0,3375.90909090909,38785234.6301
2.5,3.5,11.4,58.7,124.6,79.7,92.4,64.8,106.7,152.4,48.8,13.1,758.6,6,194.7,343.6,214.3,679,0,730.444444444444,4772.83333333333,0,679,26.3333333333333,0,0,0,2061.33333333333,263,0,36.7272727272727,0,692.5,0,0,0,200,169,169,2910.41666666667,3,0,17028,0,0,162.727272727273,56469.1428571429,47799.8,0,561.333333333333,152.333333333333,368.666666666667,1412.75,521.857142857143,982,0,0,19543,2609.91666666667,0,7975.08333333333,361.818181818182,24034.6363636364,31875.8181818182,13743.4166666667,799.5,231.545454545455,0,0,0,0,18856.4166666667,2036,284.25,3771,0,0,0,0,4174.66666666667,757.833333333333,3643.16666666667,0,11.2,0,0,6.85714285714286,0,10060.0909090909,0,0,351,28198.1818181818,0,0,0,0,0,2,0,56,12,71.5,148,44,92,0,0,63.8333333333333,59924.5833333333,15377.6666666667,1128,0,12.3333333333333,96993.8333333333,725,13480,0,0,0,0,0,7718.91666666667,0,4,0,28.3333333333333,0,9944.44444444445,1564.75,112.083333333333,48.8333333333333,0,0,0,15.5,0,62.5,0,0,62688.8,1711.5,0,713.818181818182,4846.72727272727,697,0,0,0,7605260.63
4.1,4.3,9.2,15.1,28.7,103.2,154.7,147.2,149.6,105.8,32,6.6,760.5,8.4,53,554.7,144.4,0,0,0,33032.7272727273,1219.16666666667,0,10873.9166666667,25.5,0,1,1.66666666666667,23.5,537.5,0,30,282.5,0,0,0,0,0,0,57294,2844,19,24.6,1361,1360,1432.83333333333,102472.166666667,0,432.5,5812.66666666667,1528.5,0,9113,0,0,0,0,0,561.181818181818,14,20737,15063,62.5,2821.58333333333,8527.08333333333,10294,0,3,0,0,0,2626.25,450.083333333333,0,9052.5,29037,37,4,0,44169.9166666667,221.4,0,0,0,18,0,13.25,13731,1011,0,0,79.5,23,0,0,0,0,1561,4,0,0,0,0,0,461,0,0,0,0,0,336.333333333333,0,0,0,142441.166666667,109874.833333333,0,141.833333333333,0,0,0,0,7647.54545454545,1013.16666666667,0,0,25.5,399.2,99.8333333333333,941.666666666667,772,0,2039,0,0,0,0,0,79,75.75,160.333333333333,1131,5,56.3333333333333,354,4672,0,0,0,91551805.45
15.7,11.6,6,15.2,51.4,53.4,91.2,95,112.8,248.2,283.9,107.2,1091.6,27.3,72.6,352.4,639.3,0,0,0,1379,364.166666666667,0,1287.83333333333,44,0,872.25,676.2,82,188,0,7,438,0,0,480,687.666666666667,0,0,73,23740,660.5,568.166666666667,0,0,61.1666666666667,6079.16666666667,0,74.5,253.166666666667,2010,0,3078,0,0,0,0,0,5101,0,4900.58333333333,7827.25,13.5,371.090909090909,12,276,0,0,0,0,0,79.3333333333333,246.571428571429,0,9867,652,391,6,0,632.833333333333,3944.58333333333,0,0,92.4,5,0,58.2,1773.5,862,0,0,1549.5,68.5,0,0,682,1001.5,484,8,2,0,0,0,0,406.5,0,0,0,0,148.666666666667,329,0,0,0,43362.6666666667,172709.666666667,0,33.5,0,0,0,0,5396.66666666667,891.181818181818,0,0,0,7727.16666666667,7176,5239.45454545455,12277.75,0,3883,74,61,90.5,0,21,12182,11280.8,9257.2,120.5,137.5,127.5,812.090909090909,24535.75,0,0,0,14746566.67
7.9,4.4,8.8,12.3,24.5,161.3,289.4,296.5,172.9,91.3,17.1,5.5,1091.9,12.3,45.6,920.1,113.9,0,0,0,2863.45454545455,252.25,0,1874.66666666667,6691.4,0,209.25,271,105,426.5,0,2.5,480,6.5,0,0,0,0,0,223.777777777778,17.5,12,4.5,241,277,487.666666666667,11937,0,13,1082.66666666667,1515.16666666667,0,2679.83333333333,28.8333333333333,18,131,197.5,0,10909.25,2,164.7,5464.08333333333,8.5,80.875,2551,17360.4166666667,0,1122.5,0,0,63,50910.4166666667,7474.58333333333,0,699,2613,16,47.75,0,15476.4166666667,670.090909090909,0,0,27.75,1625,0,1227.4,17,284.4,0,0,35,238.625,361,123,0,1099.5,1071,1,42,0,0,0,0,50.5,0,0,0,5,10.5,8,0,0,160.8,97726.3333333333,43734,0,2751.33333333333,0,0,5,0,195.777777777778,1680.72727272727,0,0,21924.625,13806.6666666667,19490.1666666667,8397.1,23830.25,0,16170,0,0,0,0,0,204,191.75,742,1390.5,10088.1666666667,10286.75,15030,1478.16666666667,0,13,1732,18227887.7001
7.9,8.8,10.5,14.9,52.3,64.3,99.3,95.9,123,181.9,115,32.1,805.9,16.7,77.7,382.5,329,0,0,0,66625.9090909091,303.571428571429,0,15441.5,497.25,0,216.25,271.4,273,420.5,0,26.5,464,5,0,1063,815,0,0,12546.25,1265.5,71,162.333333333333,2583,1555,3177.83333333333,35880.75,0,387.5,13300.8333333333,4348.16666666667,0,19612.6666666667,0,0,0,0,0,67717.6666666667,0,2857.66666666667,7212.66666666667,21,1008.27272727273,1555,5170.08333333333,0,1203.25,23,0,0,4805.83333333333,3216.16666666667,0,5376.5,56326,522,8,0,16955.75,1902.25,450,126,85.4,37.6,0,193.8,12094.5,248.166666666667,0,0,2920.5,18.75,0,0,0,591,1053,440.5,0,0,0,0,0,1076.5,0,0,0,0,144.75,3186.91666666667,0,0,11.2857142857143,43178.3333333333,75862,0,8.5,244.5,32,128.5,0,14769.9166666667,3719.81818181818,406.875,429.2,18,150.4,311.166666666667,14110.8181818182,22675,0,23750,192,129,300.5,0,0,81738,66890.2,52981,4165,221.166666666667,228.75,1953.41666666667,20123.25,7,1310.2,15,26968775.6
1.4,2,4.1,17.7,40.5,81.7,110.2,122.2,147.5,110.5,21.4,5.9,665.1,3.4,62.3,461.6,137.8,0,0,0,15621.1666666667,0,0,61791.4166666667,0,145.666666666667,0,32.6666666666667,0,0,0,0,128.5,0,0,0,0,0,0,1377.66666666667,317.5,0,272.818181818182,0,0,73.5,37705.2857142857,21153,0,2534,10.6666666666667,39.3333333333333,1882.25,4.25,0,0,0,304,32663.5,3,23345.8333333333,21206.3636363636,1633.54545454545,1657.45454545455,1994.5,143607.583333333,1710.75,0,0,0,176,337.416666666667,134,137.3,675,0,0,0,0,7025.91666666667,44,37,0,1617.6,45.8,213.5,1624.71428571429,0,90.8,0,0,82.5,549.454545454545,0,0,0,0,0,32,0,0,0,0,49,45,0,0,0,0,0,0,0,41,155.75,85946.0833333333,3806.5,48489.4166666667,8367,0,0,0,39.3333333333333,5478.08333333333,0,623.8,0,3,0,53.5,65462.5833333333,75568.9166666667,7576.75,0,0,0,9,0,0,0,0,413.777777777778,356,0,23.375,25.8888888888889,237.5,0,0,3005,21144630.69
3.1,4,7.4,21.1,34.6,109.4,190.6,176.5,177.2,94.5,19.1,4.3,841.8,7.1,63.1,653.7,117.9,0,0,0,34314.7272727273,207,0,800.818181818182,20.5,0,137.75,177.6,870,1335,0,204.5,2073,321.5,0,0,3,0,0,10335.3333333333,121,2.5,12.1666666666667,55,212,313.666666666667,18724.0833333333,0,266.5,1185.33333333333,630,0,3099.83333333333,70,68,0,0,0,5873.66666666667,1357.5,698.090909090909,5492.91666666667,820.181818181818,379.272727272727,37291.5,14835.5,0,85.5,0,16,125.777777777778,19547.4166666667,743.583333333333,0,3017,37400,0,1,0,15834.0833333333,0,639.4,323.833333333333,367.6,2053.33333333333,0,2499.2,439.5,0,7,0,113,369.166666666667,169,0,0,7,5348.5,46.5,21.5,0,0,0,0,1933.5,63.75,158,0,254.4,3918.41666666667,140,0,0,7,24319.4166666667,15999.5,0,3203,218.25,0,0,0,1150.09090909091,1600,22,0,33.8,1204.5,1105.5,680.3,675,0,759,20.6666666666667,8,39.75,0,25,0,0,0,9721.5,4273.5,5661.25,8359,14.6666666666667,0,0,1661.54545454545,20875892.71
0.5,0.4,6.3,38,78.3,346.8,624.3,403.8,139.1,137.5,44.6,8.3,1827.9,0.9,122.6,1514,190.4,26725,0,29318.4444444444,492.416666666667,0,26725,19,0,0,0,3773,128.5,0,769,0,171,0,274.7,0,1463,1483,1483,66.75,6,0,6784.54545454545,0,0,2,10342.4285714286,5164.8,0,512.333333333333,62.6666666666667,231.333333333333,1590.375,2035.57142857143,3119.75,0,1,92,143.583333333333,0,1764.33333333333,1505.54545454545,1072.36363636364,311.909090909091,901.5,68.4166666666667,50.8333333333333,0,0,0,14.1666666666667,40443.9166666667,69.7272727272727,706.75,1917,0,0,2,0,110.583333333333,1930,139.75,0,12,1,6,15.1428571428571,0,551.636363636364,0,0,194,421.181818181818,0,0,0,0,0,0,0,39.5,1,2,61,16,1,0,0,0,4134.5,2,124.5,9,26.125,123344.833333333,5,16057.9166666667,3,0,0,0,3,123.916666666667,0,22.4,0,20,0,8309.66666666667,97.8333333333333,354.333333333333,695.583333333333,0,0,0,0,0,14.4285714285714,0,0,177.6,104,0,13.6363636363636,73.2727272727273,296.090909090909,0,0,5,2068975.47
7.9,18.1,17.2,26.3,63.9,145,190.2,202.4,208.1,211.4,69.8,4.9,1165.2,26,107.4,745.7,286.1,0,0,0,1625.63636363636,0,0,3575,0,0,1928,1185,242.5,283.5,0,49,831.5,258,0,22971,20515,0,0,0,0,14512.5,13909.8333333333,11,0,0,1938.5,0,0,61.6,3120.83333333333,0,2943.66666666667,129,139,0,0,0,15.6666666666667,0,28929.0833333333,6720.75,2.6,13188.6666666667,285,101.571428571429,0,99.5,0,0,0,1114.33333333333,967.9,0,8449.5,1820,0,14121.1818181818,0,966.083333333333,28643.5,0,0,39,1418.33333333333,0,1250.8,0,10,0,0,304.5,33.4285714285714,82,0,199,41.5,770.5,0,0,0,0,0,0,44,0,0,0,7,2154.16666666667,1217.91666666667,0,0,0,185849.916666667,2301.83333333333,0,112,99.25,0,0,0,2673,4314.66666666667,156.2,0,0,9067.83333333333,5034.16666666667,929,2680.66666666667,0,2466,64.6666666666667,40,37.5,196,193.833333333333,112,65,36.5,344.5,256,243.75,495.545454545455,38502.0833333333,0,0,5,23785695.07
2.4,3,7.1,34,87.1,61.5,69.7,79.5,148.5,148.9,46.7,10.1,698.5,5.4,128.2,359.2,205.7,14226,0,15887.1111111111,12397.75,0,14226,232.916666666667,0,0,0,3169.55555555556,308,0,8.625,0,291,0,0,0,130,85,85,4118.41666666667,30.5,0,110949.090909091,0,0,26.4545454545455,787.571428571429,860.8,0,3008.33333333333,47,32.6666666666667,3811.125,4,3.75,0,1.33333333333333,11519,1412.16666666667,11,142589.75,6994.27272727273,24783.6363636364,7926.45454545455,3385.58333333333,1309.75,15.6666666666667,0,0,0,20.6666666666667,13080.3333333333,449.833333333333,396.083333333333,11153.5,0,0,0,0,4875.41666666667,23.3,1869.41666666667,0,263.2,19.25,29.75,323,0,444.727272727273,0,0,224.5,14945.5454545455,0,0,0,0,0,35,0,101.5,16.5,135,90,116,7.2,4,15.6,17.1666666666667,178032.666666667,1704,1437.66666666667,917.333333333333,926.555555555556,23425.6666666667,1167.33333333333,10882.0833333333,15.75,0,0,0,2,609.916666666667,0,3842.9,0,12.0909090909091,0,1514.44444444444,7511.33333333333,1126.66666666667,1142.83333333333,0,0,0,26.6666666666667,0,16.7777777777778,0,0,67.8,736,0,2.18181818181818,612.818181818182,7,0,0,4.66666666666667,2532901.03
8.8,10.8,17.6,44.7,96.6,132.6,178.2,178.2,185.4,204.3,59.2,4.3,1120.7,19.6,158.9,674.4,267.8,0,0,0,4145,113.5,0,12989.4166666667,0,0,1697.25,1693,1769.5,645.5,0,34,1471,75.5,0,32264,31580,0,0,4.375,30.5,7268,7172.83333333333,30,0,0,1203.54545454545,0,17.5,750.166666666667,1785,0,4524.83333333333,778.833333333333,812,0,0,0,74.7777777777778,0,9643.91666666667,1583.41666666667,221.090909090909,4901.08333333333,1336.83333333333,85.5555555555556,0,264.25,0,0,0,6689.83333333333,1153.83333333333,0,15861.5,6237,0,178.666666666667,0,2177.58333333333,2701.5,16087.8,12409.3333333333,52.8,144.8,0,321.8,61,989,0,0,143,1834.18181818182,1005,1,1114,465,1716,0,0,0,0,0,0,174,93.5,66,0,125.8,29928.6666666667,1043.83333333333,0,0,226,91753.5833333333,3106.25,0,2,21562.5,0,0,4,6706.16666666667,3495.08333333333,18666.6666666667,0,0,40947,41098.8333333333,145,373.333333333333,0,282,146.666666666667,68,169.75,261.333333333333,399.5,1154,1145,1648,1423,1569,1665.25,2376,2927.66666666667,0,1,0,7463899.51
8.7,14.4,17.7,32.3,90.7,140.7,181.5,194.8,209.1,188.1,56.3,6.1,1140.4,23.1,140.7,726.1,250.5,0,8.66666666666667,10,1702.81818181818,120,0,2318.75,5,0,7060.75,5496.2,437.5,530,0,87.5,1181,143,0,16343,12264.6666666667,0,0,3.14285714285714,2,3024.5,3098,0,0,0,12881.9166666667,0,18,266.6,1776.33333333333,0,2651,22.6,14,0,0,0,126.333333333333,0,43895.3333333333,4206.5,0,23407.3333333333,485.7,32.625,0,769.2,0,0,473,3358.16666666667,5199.66666666667,0,34950,1488,0,44548.7272727273,0,914.583333333333,17283.4166666667,445.2,385.666666666667,208.4,348.6,0,496.4,45,12.5,0,0,124,0,0,0,3323,693.5,676.5,5,0,0,0,0,0,294,0,0,0,0,6009.5,1548,0,0,0,116574.583333333,2675.83333333333,0,0,2571,0,0,0,16294.5833333333,5366.33333333333,2817.875,0,0,17397.3333333333,11755,46.5,2,0,41,30,15,38,46.6666666666667,144,1806,1562,1516.4,579,171.666666666667,43.75,953.181818181818,11655,0,0,0,23651295.38
8.3,7.8,12.3,14.2,28.7,147.6,271.2,222.3,155.5,88.9,22.9,7.2,986.9,16.1,55.2,796.6,119,0,0,0,24681.7272727273,871.571428571429,0,129.714285714286,678.333333333333,0,278,429,270,532,0,60,553,27,0,0,0,0,0,4279.5,284.5,0,0,162,193,594,153909,0,747.5,15548.5,9365.66666666667,0,28816.3333333333,30,0,0,0,0,1510.18181818182,0,15791,27767.4166666667,9,990.75,1239.36363636364,10405.4166666667,0,0,0,0,0,47123.9166666667,19896.75,0,5667,25748,937,164,0,27297.9166666667,1679.90909090909,0,0,28.8,304.6,0,237.6,682.5,1610.85714285714,0,0,95,391.714285714286,244,501,0,4,357.5,41.5,16,0,0,0,0,272,0,0,0,0,0,0,0,0,0,127735.25,54338.8333333333,0,25.25,0,0,322,143,16842.0833333333,2837.88888888889,0,0,26.6666666666667,0,0,2076.33333333333,734.666666666667,0,241,81.3333333333333,106,57.6666666666667,0,0,2393,1130.2,927.4,1703.5,10242,10545.25,297.5,1754.16666666667,0,0,33.2,64543743.9702
6.1,10.7,8.7,19,55.8,135.8,240.2,227.8,180.1,197.8,66.7,11.7,1160.4,16.8,83.5,783.9,276.2,0,9,9,441.666666666667,126,0,52.5,0,0,9244,7823.2,337.5,706.5,0,38,1241,30,0,24633,40226.3333333333,0,0,145,2856,22364,21865,0,0,54,4189.33333333333,0,220,66.75,2856.16666666667,0,4599.33333333333,4.5,1,0,0,0,68,0,1205.18181818182,3731.58333333333,57,465.454545454545,429.8,399.636363636364,0,0,0,0,0,2035.75,24130.3333333333,0,19671,439,0,0,0,284.7,3958.91666666667,0,0,0,0,0,69,202,710.571428571429,0,0,631,79.3333333333333,0,293,26978,4321,2295.5,19,0,0,0,0,0,592,0,0,0,0,0,0,0,0,65,244752.25,177723.916666667,0,390,48,0,0,0,188.875,1001.63636363636,0,0,5,31516.1666666667,32958.8333333333,1181.66666666667,2293,0,4049,15,2,16.75,13,29.6666666666667,29053,22214.6,19618.8,313.5,257.333333333333,337.75,1158.08333333333,10382.4166666667,0,0,0,28210036.88
4.4,3.6,5.2,20.5,36.8,116.8,153,161.2,179.8,123.4,24.5,5.3,834.5,8,62.5,610.8,153.2,0,0,0,0,0,0,0,0,0,0,0,0,0,0,0,0,0,0,0,0,0,0,0,0,0,0,0,0,0,0,0,0,0,0,0,0,0,0,0,0,0,0,0,0,0,0,0,0,0,0,0,0,0,0,0,0,0,0,0,0,0,0,0,0,0,0,0,0,0,0,0,0,0,0,0,0,0,0,0,0,0,0,0,0,0,0,0,0,0,0,0,0,0,0,0,0,0,0,0,0,0,0,0,0,0,0,0,0,0,0,0,0,0,0,0,0,0,0,0,0,0,0,0,0,0,0,0,0,0,0,0,0,1724079.95
